instrument,cruise,quantile,beads.fsc.small,beads.D1,beads.D2,width,notch.small.D1,notch.small.D2,notch.large.D1,notch.large.D2,offset.small.D1,offset.small.D2,offset.large.D1,offset.large.D2
751,SCOPE_18,2.5,48704,44864,43344,5000,0.899,0.837,1.904,2.034,1070.4,2586.66666666667,-47868,-55720
751,SCOPE_18,50,49424,41864,41504,5000,0.825,0.787,1.91,2.04,1070.4,2586.66666666667,-52536,-59321
751,SCOPE_18,97.5,50400,40144,37584,5000,0.775,0.694,1.915,2.047,1070.4,2586.66666666667,-56372,-65585
